dtype,countries,num_affected,ifrc_severity_level,ifrc_severity_level_display,ifrc_severity_level_update_date,glide,disaster_start_date,created_at,auto_generated,appeals,is_featured,is_featured_region,field_reports,updated_at,id,slug,parent_event,tab_one_title,tab_two_title,tab_three_title,emergency_response_contact_email,active_deployments,name,summary,translation_module_original_language
"{'id': 12, 'name': 'Flood', 'summary': '', 'translation_module_original_language': 'en'}","[{'iso': 'SS', 'iso3': 'SSD', 'id': 290, 'record_type': 1, 'record_type_display': 'Country', 'region': 0, 'independent': True, 'is_deprecated': False, 'fdrs': 'DSS001', 'average_household_size': None, 'society_name': 'South Sudan Red Cross', 'name': 'South Sudan', 'translation_module_original_language': 'en'}]",,0,Yellow,,FL-2024-000145-SSD,2024-07-24T00:00:00Z,2024-07-24T10:07:47.762022Z,True,"[{'aid': '18401', 'num_beneficiaries': 300000, 'amount_requested': 5000000.0, 'code': 'MDRSS014', 'amount_funded': 3186721.0, 'status': 0, 'status_display': 'Active', 'start_date': '2024-07-25T00:00:00Z', 'end_date': '2026-12-31T00:00:00Z', 'sector': 'Country cluster for South Sudan, Tanzania and Uganda', 'atype': 1, 'atype_display': 'Emergency Appeal', 'id': 3930, 'translation_module_original_language': 'en'}]",False,False,"[{'status': 8, 'contacts': [{'ctype': 'Originator', 'name': 'Andrea Pedot', 'title': 'Anticipatory Action Officer', 'email': 'andrea.pedot@ifrc.org', 'phone': '+254 07 944 69902', 'id': 53806}, {'ctype': 'NationalSociety', 'name': 'John Lobor', 'title': 'Secretary General', 'email': 'john.lobor@southsudanredcross.org', 'phone': '+211 912 666 836', 'id': 53807}, {'ctype': 'Federation', 'name': 'Jamie Lesueur', 'title': 'Head of Country Cluster Delegation', 'email': 'jaime.lesueur@ifrc.org', 'phone': 'jaime.lesueur@ifrc.org', 'id': 53808}], 'countries': [{'iso': 'SS', 'iso3': 'SSD', 'id': 290, 'record_type': 1, 'record_type_display': 'Country', 'region': 0, 'independent': True, 'is_deprecated': False, 'fdrs': 'DSS001', 'average_household_size': None, 'society_name': 'South Sudan Red Cross', 'name': 'South Sudan', 'translation_module_original_language': 'en'}], 'created_at': '2024-07-24T10:07:47.543776Z', 'updated_at': '2024-11-28T11:14:59.599420Z', 'report_date': '2024-07-24T10:07:47.542698Z', 'id': 17156, 'is_covid_report': False, 'num_injured': None, 'num_dead': None, 'num_missing': None, 'num_affected': None, 'num_displaced': None, 'epi_num_dead': None, 'num_assisted': 0, 'num_localstaff': None, 'num_volunteers': None, 'num_expats_delegates': None, 'gov_num_injured': None, 'gov_num_dead': None, 'gov_num_missing': None, 'gov_num_affected': None, 'gov_num_displaced': None, 'gov_num_assisted': None, 'other_num_injured': None, 'other_num_dead': None, 'other_num_missing': None, 'other_num_affected': None, 'other_num_displaced': None, 'other_num_assisted': None, 'num_potentially_affected': 1400000, 'gov_num_potentially_affected': 1400000, 'other_num_potentially_affected': None, 'num_highest_risk': 379000, 'gov_num_highest_risk': 379000, 'other_num_highest_risk': None, 'affected_pop_centres': '8', 'gov_affected_pop_centres': None, 'other_affected_pop_centres': None, 'epi_cases': None, 'epi_suspected_cases': None, 'epi_probable_cases': None, 'epi_confirmed_cases': None, 'epi_figures_source': None, 'epi_figures_source_display': None, 'epi_cases_since_last_fr': None, 'epi_deaths_since_last_fr': None, 'epi_notes_since_last_fr': None, 'visibility': 1, 'visibility_display': 'RCRC Movement', 'request_assistance': True, 'ns_request_assistance': True, 'notes_health': None, 'notes_ns': None, 'notes_socioeco': None, 'recent_affected': 4, 'description': 'NS has been responding to some floods events in recent years but the expected floods for 2024 season has been indicated by all major experts as higher than usual with foreseen devasting impact. Experts from various sources, have warned of major flood event in the latter half of 2024 for South Sudan, driven by unprecedented water levels in Lake Victoria and forecasts of above-average rainfall that are being experienced in the country as witness across East Africa. White Nile as other regions of Sudan that are already characterize by a complex humanitarian condition that this projections is likely to worsen. \nThe scale of the floods in 2019 to 2022, the Sudan crisis displacement in Norther South Sudan cumulate with ongoing climate related disaster, food insecurity and precarity of humanitarian sectors in general put the South Sudanese communities in an extreme vulnerable situation for the upcoming floods events.  All efforts to minimize the impact of the forecasted floods to the population, displaced communities and already vulnerable families are emphasized as a critical humanitarian engagement to preparedness and early actions.', 'summary': 'SSD: Flood - 08-2024 - White Nile River Basin Floods', 'translation_module_original_language': 'en'}]",2025-07-09T07:13:45.886006Z,7082,,,Additional Information,,,,0,Sudan : Floods & Cholera,"<p class=""MsoNormal""><span lang=""EN-US"" style=""font-family: 'Calibri Light',sans-serif; mso-ascii-theme-font: major-latin; mso-hansi-theme-font: major-latin; mso-bidi-theme-font: major-latin; mso-ansi-language: EN-US; mso-fareast-language: FI;"">Heavy rains since May 2024, combined with overflowing Lake Victoria, have caused the Nile River to burst its banks and with <strong>severe flooding</strong>, submerging villages, and farmland. As of 29 November, the situation remains critical with more than 1.4 million people affected in 44 of the country’s 78 counties (OCHA).</span></p>
<p class=""MsoNormal""><span lang=""EN-CA"" style=""font-family: 'Calibri Light',sans-serif; mso-ascii-theme-font: major-latin; mso-hansi-theme-font: major-latin; mso-bidi-theme-font: major-latin; mso-ansi-language: EN-CA; mso-fareast-language: FI;"">On 28 October 2024, the Government of South Sudan declared a <strong>cholera outbreak</strong> in Renk, marking the start of a growing health crisis. By 17 November, the outbreak had escalated to “nationwide” status. Cholera cases have since been reported across seven states and one administrative area, including in the capital, Juba.</span></p>
<p class=""MsoNormal""><span lang=""EN-US"" style=""font-family: 'Calibri Light',sans-serif; mso-ascii-theme-font: major-latin; mso-hansi-theme-font: major-latin; mso-bidi-theme-font: major-latin; mso-ansi-language: EN-US;"">The outbreak has come at a time when South Sudan is grappling with several emergencies including floods and an influx of people from Sudan where an armed conflict is ongoing.</span></p>
<p class=""MsoNormal""><span lang=""EN-US"" style=""font-family: 'Calibri Light',sans-serif; mso-ascii-theme-font: major-latin; mso-hansi-theme-font: major-latin; mso-bidi-theme-font: major-latin; mso-ansi-language: EN-US; mso-fareast-language: FI;"">As of 22 January 2025, over 23 000</span><span lang=""EN-CA"" style=""font-family: 'Calibri Light',sans-serif; mso-ascii-theme-font: major-latin; mso-hansi-theme-font: major-latin; mso-bidi-theme-font: major-latin; mso-ansi-language: EN-CA; mso-fareast-language: FI;""> suspected cases have been recorded, and 462 deaths in 33 counties across 7 states and 1 administrative area, with cases continuing to climb. </span><span lang=""EN-US"" style=""font-family: 'Calibri Light',sans-serif; mso-ascii-theme-font: major-latin; mso-hansi-theme-font: major-latin; mso-bidi-theme-font: major-latin; mso-ansi-language: EN-US; mso-fareast-language: FI;"">The South Sudan Red Cross (SSRC) has activated its cholera response mechanism and has started response activities, including supporting Oral Rehydration Points (ORP) in some affected counties.</span></p>
<p class=""MsoNormal""><span lang=""EN-US"" style=""font-family: 'Calibri Light',sans-serif; mso-ascii-theme-font: major-latin; mso-hansi-theme-font: major-latin; mso-bidi-theme-font: major-latin; mso-ansi-language: EN-US; mso-fareast-language: FI;"">The floods have caused extensive damage to homes and have devastated livestock and crops. Critical infrastructure <br>has been severely damaged, cutting off supply routes and leaving communities without access to essential services <br>such as healthcare and education for displaced people. The risk of disease outbreaks, particularly cholera and malaria, <br>has increased significantly. As of 11 February 2025, the number of suspected cases of Cholera has risen to 29,304 <br>cases with 501deaths, and a case fatality rate (CFR) of 1.5%, justifying the RC/RC Movement mobilization and <br>underscoring the urgent need for further action. Mayom County (northwest of Rubkona, Unity State) has in the past <br>few days become the top hot spot with cumulative cases at 585 and CFR of 8.4 %, while Rubkona has recorded overall <br>the highest number of cases during the outbreak (over 10,000). Cholera cases have now been reported in 30 of the <br>80 counties in the country and across seven states and one administration area. Especially in rural areas, poor <br>surveillance outside of health facilities and on the other hand poor access to care are contributing to underreporting <br>and deaths that could be prevented through community-based interventions. Misconceptions and lack of awareness, <br>coupled with poor water and sanitation infrastructure are also contributing to harmful practices, adding to the spread <br>of Cholera in vulnerable communities. Children are the most affected population with ages 0 to 4 years at 32.5% of <br>cases followed by 5 to 14 years at 22.8% of cases 2<br>. Oral Cholera vaccination (OCV) campaigns have taken place in <br>hotspot areas, with 1,400,000 people vaccinated (out of a total of 3,200,000 doses) as of 22nd of January 2025. While <br>the peak of the outbreak has for now been passed (in Mid-January), the outbreak continues to spread to new <br>communities</span></p>
<p class=""MsoNormal""><span lang=""EN-US"" style=""font-family: 'Calibri Light',sans-serif; mso-ascii-theme-font: major-latin; mso-hansi-theme-font: major-latin; mso-bidi-theme-font: major-latin; mso-ansi-language: EN-US; mso-fareast-language: FI;""><span lang=""EN-CA"" style=""font-family: 'Calibri Light',sans-serif; mso-ascii-theme-font: major-latin; mso-hansi-theme-font: major-latin; mso-bidi-theme-font: major-latin; mso-ansi-language: EN-CA;""><img style=""display: block; margin-left: auto; margin-right: auto;"" src=""https://prddsgofilestorage.blob.core.windows.net/api/emergencies/7082/20250122_who_cholera.png"" alt="""" width=""700"" height=""595""></span></span></p>
<p class=""MsoNormal""> </p>
<p class=""MsoNormal""><span lang=""EN-CA"" style=""font-family: 'Calibri Light',sans-serif; mso-ascii-theme-font: major-latin; mso-hansi-theme-font: major-latin; mso-bidi-theme-font: major-latin; mso-ansi-language: EN-CA; mso-fareast-language: FI;"">Since conflict erupted in Sudan on 15 April 2023, South Sudan has faced an unprecedented influx of over 800,000 people, including South Sudanese returnees, Sudanese refugees, and other nationals crossing the border in search of safety. This humanitarian crisis is now compounded by a cholera outbreak originating in Sudan’s border areas, which has steadily spread across South Sudan. The epidemic has taken hold in key hotspots, including Upper Nile, Northern Bahr el Ghazal, and Unity States, with cases reported in Jonglei and Central Equatoria. Among the returnees, refugees, and host communities, aggravated malnutrition has further heightened vulnerability, creating the perfect storm for rapid disease transmission.</span></p>
<p class=""MsoNormal""><span lang=""EN-CA"" style=""font-family: 'Calibri Light',sans-serif; mso-ascii-theme-font: major-latin; mso-hansi-theme-font: major-latin; mso-bidi-theme-font: major-latin; mso-ansi-language: EN-CA;"">South Sudan faces a complex and worsening humanitarian crisis. The humanitarian consequences of the armed conflict and other </span><span lang=""EN-US"" style=""font-family: 'Calibri Light',sans-serif; mso-ascii-theme-font: major-latin; mso-hansi-theme-font: major-latin; mso-bidi-theme-font: major-latin; mso-ansi-language: EN-US;"">situations of violence remain dire. </span><span lang=""EN-CA"" style=""font-family: 'Calibri Light',sans-serif; mso-ascii-theme-font: major-latin; mso-hansi-theme-font: major-latin; mso-bidi-theme-font: major-latin; mso-ansi-language: EN-CA;"">Economic decline, disease, and climate shocks – such as the ongoing floods – are devastating communities across the country. Poor infrastructure and limited access to services mean many cases of illness and disease go unreported, particularly in rural areas. The situation is further exacerbated by the high concentration of people in transit centers and the continuous movement of returnees and refugees to various locations, significantly increasing the risk of disease spread. Overcrowded conditions in camps for internally displaced persons (lDPs), refugee settlements, and places of detention compound these challenges, placing already vulnerable populations at greater risk. This convergence of crises underscores the urgent need for coordinated and comprehensive interventions to save lives and curb the outbreak.</span></p>
<p><img style=""display: block; margin-left: auto; margin-right: auto;"" src=""https://prddsgofilestorage.blob.core.windows.net/api/emergencies/7082/20241129_affected_map.png"" alt="""" width=""900"" height=""596""></p>",en
"{'id': 1, 'name': 'Epidemic', 'summary': '', 'translation_module_original_language': 'en'}","[{'iso': 'SS', 'iso3': 'SSD', 'id': 290, 'record_type': 1, 'record_type_display': 'Country', 'region': 0, 'independent': True, 'is_deprecated': False, 'fdrs': 'DSS001', 'average_household_size': None, 'society_name': 'South Sudan Red Cross', 'name': 'South Sudan', 'translation_module_original_language': 'en'}]",,0,Yellow,,,2023-02-22T00:00:00Z,2023-04-20T12:40:39.960453Z,True,"[{'aid': '17721', 'num_beneficiaries': 66121, 'amount_requested': 158035.0, 'code': 'MDRSS012', 'amount_funded': 158035.0, 'status': 1, 'status_display': 'Closed', 'start_date': '2023-03-20T00:00:00Z', 'end_date': '2023-07-31T00:00:00Z', 'sector': 'Country cluster for South Sudan, Tanzania and Uganda', 'atype': 0, 'atype_display': 'DREF', 'id': 3706, 'translation_module_original_language': 'en'}]",False,False,"[{'status': 9, 'contacts': [], 'countries': [{'iso': 'SS', 'iso3': 'SSD', 'id': 290, 'record_type': 1, 'record_type_display': 'Country', 'region': 0, 'independent': True, 'is_deprecated': False, 'fdrs': 'DSS001', 'average_household_size': None, 'society_name': 'South Sudan Red Cross', 'name': 'South Sudan', 'translation_module_original_language': 'en'}], 'created_at': '2023-04-20T12:40:39.824798Z', 'updated_at': '2023-04-20T12:40:39.983560Z', 'report_date': '2023-04-20T12:40:39.824217Z', 'id': 16415, 'is_covid_report': False, 'num_injured': None, 'num_dead': None, 'num_missing': None, 'num_affected': None, 'num_displaced': None, 'epi_num_dead': None, 'num_assisted': None, 'num_localstaff': None, 'num_volunteers': None, 'num_expats_delegates': None, 'gov_num_injured': None, 'gov_num_dead': None, 'gov_num_missing': None, 'gov_num_affected': None, 'gov_num_displaced': None, 'gov_num_assisted': None, 'other_num_injured': None, 'other_num_dead': None, 'other_num_missing': None, 'other_num_affected': None, 'other_num_displaced': None, 'other_num_assisted': None, 'num_potentially_affected': None, 'gov_num_potentially_affected': None, 'other_num_potentially_affected': None, 'num_highest_risk': None, 'gov_num_highest_risk': None, 'other_num_highest_risk': None, 'affected_pop_centres': None, 'gov_affected_pop_centres': None, 'other_affected_pop_centres': None, 'epi_cases': None, 'epi_suspected_cases': None, 'epi_probable_cases': None, 'epi_confirmed_cases': None, 'epi_figures_source': None, 'epi_figures_source_display': None, 'epi_cases_since_last_fr': None, 'epi_deaths_since_last_fr': None, 'epi_notes_since_last_fr': None, 'visibility': 3, 'visibility_display': 'Public', 'request_assistance': None, 'ns_request_assistance': None, 'notes_health': None, 'notes_ns': None, 'notes_socioeco': None, 'recent_affected': 0, 'description': ""On the 22 of February, Medicines’ San Frontiers Spain (MSF Spain) in Malakal, Upper Nile State received an alert\nof increasing cases of acute watery diarrhea and vomiting in children aged 1 year and below. Two samples were\ncollected and tested positive for cholera on rapid diagnostic testing (RDT). Additional nine samples were collected\nand transported to the National Public Health Laboratory in Juba on 02 March 2023 for culture and polymerase\nchain reaction (PCR) testing. Two out of the nine samples tested positive for Vibrio cholerae on PCR testing. On 25\nFebruary 2023, the Ministry of Health received notification of a suspected case of cholera from Malaka, Upper Nile\nState. Since then, Malakal county continue to receive more alerts of increasing cases of acute watery diarrhoea and\nvomiting.\nOn 07 March, the Government declared the outbreak in Malakal, in the Upper Nile province after one case was\nconfirmed. The Malakal cholera situational update of 11 March 2023 reported an increase of cases of 48% since the\ndeclaration of the outbreak by the Government. Indeed, with 265 cases recorded on 11 march, the cases continue to\ngo upward, with some worrying figures on the group affected, including children under 4 being the majority of the\ncases (more than or equal to 91% all along the week) and cases now reported in Protection of Civilian sites where\nmore than 34,056 people are leaving in critical coping mechanism.\nThe situation is prompting the support from South Sudan National Society to the Government's effort to eliminate\nPage 2 / 18\nthe disease. Both the town population and PoC overall population mentioned above are at risk. SSRC activated\nbranches and in accordance with its role with the Government has attributed some response pillars to support by\ncounty MoH to strengthen the response.\n"", 'summary': 'SSD: Epidemic - 2023-02 - Cholera Outbreak Upper Nile', 'translation_module_original_language': 'en'}]",2024-06-03T18:13:26.827942Z,6420,,,Additional Information,,,,0,SSD: Epidemic - 2023-02 - Cholera Outbreak Upper Nile,"On the 22 of February, Medicines’ San Frontiers Spain (MSF Spain) in Malakal, Upper Nile State received an alert of increasing cases of acute watery diarrhea and vomiting in children aged 1 year and below. Two samples were collected and tested positive for cholera on rapid diagnostic testing (RDT). Additional nine samples were collected and transported to the National Public Health Laboratory in Juba on 02 March 2023 for culture and polymerase chain reaction (PCR) testing. Two out of the nine samples tested positive for Vibrio cholerae on PCR testing. On 25 February 2023, the Ministry of Health received notification of a suspected case of cholera from Malaka, Upper Nile State. Since then, Malakal county continue to receive more alerts of increasing cases of acute watery diarrhoea and vomiting. On 07 March, the Government declared the outbreak in Malakal, in the Upper Nile province after one case was confirmed. The Malakal cholera situational update of 11 March 2023 reported an increase of cases of 48% since the declaration of the outbreak by the Government. Indeed, with 265 cases recorded on 11 march, the cases continue to go upward, with some worrying figures on the group affected, including children under 4 being the majority of the cases (more than or equal to 91% all along the week) and cases now reported in Protection of Civilian sites where more than 34,056 people are leaving in critical coping mechanism. The situation is prompting the support from South Sudan National Society to the Government's effort to eliminate Page 2 / 18 the disease. Both the town population and PoC overall population mentioned above are at risk. SSRC activated branches and in accordance with its role with the Government has attributed some response pillars to support by county MoH to strengthen the response.",en
"{'id': 1, 'name': 'Epidemic', 'summary': '', 'translation_module_original_language': 'en'}","[{'iso': 'SS', 'iso3': 'SSD', 'id': 290, 'record_type': 1, 'record_type_display': 'Country', 'region': 0, 'independent': True, 'is_deprecated': False, 'fdrs': 'DSS001', 'average_household_size': None, 'society_name': 'South Sudan Red Cross', 'name': 'South Sudan', 'translation_module_original_language': 'en'}]",,1,Orange,,,2022-10-13T00:00:00Z,2022-11-08T09:18:32.190200Z,False,"[{'aid': '16858', 'num_beneficiaries': 220880, 'amount_requested': 154718.0, 'code': 'MDRSS011', 'amount_funded': 154718.0, 'status': 1, 'status_display': 'Closed', 'start_date': '2022-10-13T00:00:00Z', 'end_date': '2023-01-31T00:00:00Z', 'sector': 'Country cluster for South Sudan, Tanzania and Uganda', 'atype': 0, 'atype_display': 'DREF', 'id': 3632, 'translation_module_original_language': 'en'}]",False,False,[],2024-06-03T18:14:34.063198Z,6256,,,Additional Information,,,,0,SSD: Anticipatory Actions for EVD Outbreak,"<p>As of 10 October, 54 EVD cases have been confirmed in Uganda, including 9 health care workers according to the Ministry of Health. A total of 39 deaths (19 confirmed and 20 probable) have been declared, with a case fatality rate of 35%). Some 16 suspected cases are also currently admitted at hospital, with a cumulative 1,110 contacts of which 668 are being followed-up.</p>
<p>During the last National task force meeting, it was highlighted that a case had moved from Mubende to Kampala and died in Kiruddu hospital in Kampala, prepared by family members and repatriated back to Mubende for burial.</p>
<p>There is spread of the virus across Uganda, reaching the Capital city, which has major transportation route into Juba, with daily traffic for economic and cultural reasons. This means there is need to ensure readiness of Red Cross Teams and provide communities with much needed information on how to prevent the spread of EVD.</p>
<p>The rapid spread of EVD in Uganda with a case fatality rate of 35%, coupled with the fact that there is no vaccine yet for this lesser known strain of the Ebola Virus, are the main reasons for South Sudan RC to revamp its preparedness work. In addition, since the 2018-2019 trainings, volunteers trained in SDB, RCCE and other key EVD preparedness and response pillars have not received refreshers which are now much needed. This will help to restructure the various teams for community surveillance and case detection.</p>
<p>Suspected cases were detected in South Sudan on 30th September and declared negative after testing at the Juba Teaching Hospital. However, given the porous borders between Uganda and South Sudan, and the regular economic and cultural exchanges, it is uncertain how long it will be before a case is declared, or if a case will be declared. This is the main reason it is necessary to ensure readiness and preparedness in a speedy manner.</p>",en
"{'id': 20, 'name': 'Drought', 'summary': '', 'translation_module_original_language': 'en'}","[{'iso': 'SS', 'iso3': 'SSD', 'id': 290, 'record_type': 1, 'record_type_display': 'Country', 'region': 0, 'independent': True, 'is_deprecated': False, 'fdrs': 'DSS001', 'average_household_size': None, 'society_name': 'South Sudan Red Cross', 'name': 'South Sudan', 'translation_module_original_language': 'en'}]",7200000.0,1,Orange,,DR-2021-000065-SSD,2021-06-13T00:00:00Z,2021-07-10T13:57:27.807492Z,False,[],False,False,"[{'status': 9, 'contacts': [{'ctype': 'Originator', 'name': 'Osman', 'title': 'Saeed', 'email': 'osman.saeed@srcs.sd', 'phone': '+249917277722', 'id': 44619}, {'ctype': 'NationalSociety', 'name': 'Hamid Gour', 'title': 'Head of DM', 'email': 'hamid.gour@srcs.com', 'phone': '+249917277722', 'id': 44620}, {'ctype': 'Federation', 'name': 'Osman Elkhalifa', 'title': 'dsd', 'email': 'osman91elkhalifa@gmail.com', 'phone': '+971917277722', 'id': 44621}], 'countries': [{'iso': 'SD', 'iso3': 'SDN', 'id': 161, 'record_type': 1, 'record_type_display': 'Country', 'region': 0, 'independent': True, 'is_deprecated': False, 'fdrs': 'DSD001', 'average_household_size': None, 'society_name': 'Sudanese Red Crescent', 'name': 'Sudan', 'translation_module_original_language': 'en'}], 'created_at': '2022-04-11T09:45:06.861543Z', 'updated_at': '2022-04-11T09:46:42.283255Z', 'report_date': '2022-04-11T09:45:06.860762Z', 'id': 15611, 'is_covid_report': False, 'num_injured': 13000, 'num_dead': None, 'num_missing': 2000, 'num_affected': 4000, 'num_displaced': None, 'epi_num_dead': None, 'num_assisted': 12000, 'num_localstaff': 500, 'num_volunteers': 100000, 'num_expats_delegates': 10, 'gov_num_injured': None, 'gov_num_dead': 1000, 'gov_num_missing': None, 'gov_num_affected': None, 'gov_num_displaced': 1000, 'gov_num_assisted': 1000, 'other_num_injured': None, 'other_num_dead': None, 'other_num_missing': None, 'other_num_affected': None, 'other_num_displaced': None, 'other_num_assisted': None, 'num_potentially_affected': None, 'gov_num_potentially_affected': None, 'other_num_potentially_affected': None, 'num_highest_risk': None, 'gov_num_highest_risk': None, 'other_num_highest_risk': None, 'affected_pop_centres': None, 'gov_affected_pop_centres': None, 'other_affected_pop_centres': None, 'epi_cases': None, 'epi_suspected_cases': None, 'epi_probable_cases': None, 'epi_confirmed_cases': None, 'epi_figures_source': None, 'epi_figures_source_display': None, 'epi_cases_since_last_fr': None, 'epi_deaths_since_last_fr': None, 'epi_notes_since_last_fr': None, 'visibility': 4, 'visibility_display': 'IFRC and NS', 'request_assistance': False, 'ns_request_assistance': True, 'notes_health': None, 'notes_ns': None, 'notes_socioeco': None, 'recent_affected': 1, 'description': '', 'summary': 'SDN: Flood - 2020-08 - Floods report Apr-2022 #1 (2022-04-11)', 'translation_module_original_language': 'en'}, {'status': 9, 'contacts': [{'ctype': 'Originator', 'name': 'Daniel Mutinda', 'title': 'Senior Officer, Disaster Management', 'email': 'Daniel.MUTINDA@ifrc.org', 'phone': '+254725599105', 'id': 42362}, {'ctype': 'NationalSociety', 'name': 'Emmanuel Baba', 'title': 'Head of Disaster Management', 'email': 'emmanuel.baba@ssdredcross.org', 'phone': '+211920007615', 'id': 42363}, {'ctype': 'Federation', 'name': 'Papa Moussa Tall', 'title': 'Head of Delegation', 'email': 'papemoussa.tall@ifrc.org', 'phone': '+211 (0) 912 179 511 ', 'id': 42364}], 'countries': [{'iso': 'SS', 'iso3': 'SSD', 'id': 290, 'record_type': 1, 'record_type_display': 'Country', 'region': 0, 'independent': True, 'is_deprecated': False, 'fdrs': 'DSS001', 'average_household_size': None, 'society_name': 'South Sudan Red Cross', 'name': 'South Sudan', 'translation_module_original_language': 'en'}], 'created_at': '2021-09-23T18:21:17.115852Z', 'updated_at': '2021-09-23T18:40:09.018015Z', 'report_date': '2021-09-23T18:21:17.115053Z', 'id': 14807, 'is_covid_report': False, 'num_injured': None, 'num_dead': None, 'num_missing': None, 'num_affected': None, 'num_displaced': 120800, 'epi_num_dead': None, 'num_assisted': None, 'num_localstaff': None, 'num_volunteers': None, 'num_expats_delegates': None, 'gov_num_injured': None, 'gov_num_dead': None, 'gov_num_missing': None, 'gov_num_affected': 400000, 'gov_num_displaced': None, 'gov_num_assisted': None, 'other_num_injured': None, 'other_num_dead': 7, 'other_num_missing': None, 'other_num_affected': None, 'other_num_displaced': None, 'other_num_assisted': None, 'num_potentially_affected': None, 'gov_num_potentially_affected': None, 'other_num_potentially_affected': None, 'num_highest_risk': None, 'gov_num_highest_risk': None, 'other_num_highest_risk': None, 'affected_pop_centres': None, 'gov_affected_pop_centres': None, 'other_affected_pop_centres': None, 'epi_cases': None, 'epi_suspected_cases': None, 'epi_probable_cases': None, 'epi_confirmed_cases': None, 'epi_figures_source': None, 'epi_figures_source_display': None, 'epi_cases_since_last_fr': None, 'epi_deaths_since_last_fr': None, 'epi_notes_since_last_fr': None, 'visibility': 3, 'visibility_display': 'Public', 'request_assistance': True, 'ns_request_assistance': True, 'notes_health': None, 'notes_ns': None, 'notes_socioeco': None, 'recent_affected': 2, 'description': 'South Sudan is facing flooding in 6 regions/states one of which is under drought DREF support since June 2021. The government together with UN OCHA have reported that more than 400,000 people have been affected so far with a projection of the number doubling in coming weeks. IGAD has released a warning that the country will continue to record an increased rainfall over the coming weeks and this will worsen the already dire situation. \n\nThe United Nations Office for the Coordination of Humanitarian Affairs (OCHA) said thousands of people have been affected by flooding in areas along the river Nile, Sudd wetlands and the Lol and Sobat rivers since May this year.\n\nThe affected regions include Unity, Jonglei, Northern Bahr el Ghazal, Warrap, Upper Nile and Western Equatoria. The hardest hit areas are in Unity State, where a total of 149,000 people are affected, and Jonglei with 134,000 affected, according to OCHA. OCHA said early seasonal rains caused rivers to overflow their dykes and banks, flooding vast areas and settlements, with more heavy rains and flooding expected in the coming months. Many of the flood-affected people moved to higher grounds within their county, and plan to return home once the flood waters recede.\n\nThe SRCS together with other in country humanitarian partners are responding to the needs of the flood-hit communities and providing essential supplies such as food, emergency shelter, WASH services and hygiene kits, health and nutrition supplies and services, protection services and dignity kits, and fishing kits for livelihood support.\n\nCoordination meetings for movement partners have been held and identified the current IFRC DREF support will not be sufficient to meet the emerging needs of the affected areas. Rapid assessments and delivery of life saving interventions have been hindered in some areas due to limited access. ICRC will be supporting the NS with logistical support.', 'summary': 'South Sudan - Flooding 2021', 'translation_module_original_language': 'en'}]",2024-06-03T18:15:58.820690Z,5403,,,Additional Information,,,,0,South Sudan – 2021 Floods,"<p>There is an urgent need for humanitarian organizations to scale-up operations across South Sudan, intensifying efforts for people in above six priority 1 counties. Indeed, the food security situation in South Sudan has reached unprecedented crisis levels. According to its Integrated Food Security Phase Classification (IPC) projections, an estimated 5.8 million people (48 per cent of the population) faced Crisis levels of food insecurity (IPC Phase 3). In March 2021, OCHA in Situation Report No. 5 already estimated that an overall 810,000 people were in Crisis or worse levels of food insecurity (IPC Phase 3+) across the entire country, according to IPC projections. This included over 300,000 children suffering from Severe Acute Malnutrition (SAM) and some 480,000 pregnant and lactating women who are acutely malnourished and in need of treatment.</p>
<p>The situation in the country is reported to be the highest levels of food insecurity since independence, 10 years ago. The worsening conditions are attributed to the prolonged flooding, ongoing violence, displacement and COVID-19 pandemic, the impact which has eroded the livelihoods and coping strategies of the vulnerable communities across the country. On 8 June 2021, the Ministry of Humanitarian Affairs and Disaster Management (MHADM) requested support from South Sudan Red Cross, to provide food and water to affected populations in the six priority counties highlighted.</p>",en
"{'id': 1, 'name': 'Epidemic', 'summary': '', 'translation_module_original_language': 'en'}","[{'iso': 'SS', 'iso3': 'SSD', 'id': 290, 'record_type': 1, 'record_type_display': 'Country', 'region': 0, 'independent': True, 'is_deprecated': False, 'fdrs': 'DSS001', 'average_household_size': None, 'society_name': 'South Sudan Red Cross', 'name': 'South Sudan', 'translation_module_original_language': 'en'}]",,0,Yellow,,,2020-05-04T09:55:14Z,2020-05-04T09:55:23.965121Z,False,[],False,False,"[{'status': 9, 'contacts': [], 'countries': [{'iso': 'SS', 'iso3': 'SSD', 'id': 290, 'record_type': 1, 'record_type_display': 'Country', 'region': 0, 'independent': True, 'is_deprecated': False, 'fdrs': 'DSS001', 'average_household_size': None, 'society_name': 'South Sudan Red Cross', 'name': 'South Sudan', 'translation_module_original_language': 'en'}], 'created_at': '2021-10-15T13:23:53.033605Z', 'updated_at': '2021-10-15T13:23:53.033616Z', 'report_date': '2021-10-15T13:23:53.032775Z', 'id': 14885, 'is_covid_report': True, 'num_injured': None, 'num_dead': None, 'num_missing': None, 'num_affected': None, 'num_displaced': None, 'epi_num_dead': 130, 'num_assisted': 3727080, 'num_localstaff': 10, 'num_volunteers': 2362, 'num_expats_delegates': None, 'gov_num_injured': None, 'gov_num_dead': None, 'gov_num_missing': None, 'gov_num_affected': None, 'gov_num_displaced': None, 'gov_num_assisted': 0, 'other_num_injured': None, 'other_num_dead': None, 'other_num_missing': None, 'other_num_affected': None, 'other_num_displaced': None, 'other_num_assisted': None, 'num_potentially_affected': None, 'gov_num_potentially_affected': None, 'other_num_potentially_affected': None, 'num_highest_risk': None, 'gov_num_highest_risk': None, 'other_num_highest_risk': None, 'affected_pop_centres': None, 'gov_affected_pop_centres': None, 'other_affected_pop_centres': None, 'epi_cases': 12184, 'epi_suspected_cases': None, 'epi_probable_cases': None, 'epi_confirmed_cases': None, 'epi_figures_source': 0, 'epi_figures_source_display': 'Ministry of health', 'epi_cases_since_last_fr': 328, 'epi_deaths_since_last_fr': 0, 'epi_notes_since_last_fr': None, 'visibility': 3, 'visibility_display': 'Public', 'request_assistance': True, 'ns_request_assistance': True, 'notes_health': None, 'notes_ns': None, 'notes_socioeco': 'Risk communication and community engagement continued to be rolled out across communities country wide through the help of over 1400 volunteers deployed. Distribution for example, hand washing stalls, soap reusable face masks is on going through out the target location. Radio talks shows being frequently conducted to enlighten the communities on how to prevent themselves for COVID 19. rehabilitation of boreholes was conducted. constant and regular coordination with national and regional task force', 'recent_affected': 0, 'description': 'From March 2020 to ASeptember2021, the humanitarian crisis has continued to intensify and expand on a costly trajectory for the people and their outlook on the future as the pandemic continues to threaten people life through evolution of different variants in the whole world. As per the WHO report on the number Covid-19 cases increase in the world and claiming lives of people and high  hesitancy in the uptake of Covid-19 Vaccine is further reported.  More efforts have been exerted by the government and partners to support in dealing with COVID 19 pandemic.', 'summary': 'South Sudan COVID 19 (2021-15-10)', 'translation_module_original_language': 'en'}, {'status': 9, 'contacts': [], 'countries': [{'iso': 'SS', 'iso3': 'SSD', 'id': 290, 'record_type': 1, 'record_type_display': 'Country', 'region': 0, 'independent': True, 'is_deprecated': False, 'fdrs': 'DSS001', 'average_household_size': None, 'society_name': 'South Sudan Red Cross', 'name': 'South Sudan', 'translation_module_original_language': 'en'}], 'created_at': '2021-06-18T12:49:22.615615Z', 'updated_at': '2021-08-02T07:26:04.078879Z', 'report_date': '2021-06-18T12:49:22.614767Z', 'id': 14413, 'is_covid_report': True, 'num_injured': None, 'num_dead': None, 'num_missing': None, 'num_affected': None, 'num_displaced': None, 'epi_num_dead': 115, 'num_assisted': 3556968, 'num_localstaff': 224, 'num_volunteers': 2362, 'num_expats_delegates': None, 'gov_num_injured': None, 'gov_num_dead': None, 'gov_num_missing': None, 'gov_num_affected': None, 'gov_num_displaced': None, 'gov_num_assisted': 0, 'other_num_injured': None, 'other_num_dead': None, 'other_num_missing': None, 'other_num_affected': None, 'other_num_displaced': None, 'other_num_assisted': None, 'num_potentially_affected': None, 'gov_num_potentially_affected': None, 'other_num_potentially_affected': None, 'num_highest_risk': None, 'gov_num_highest_risk': None, 'other_num_highest_risk': None, 'affected_pop_centres': None, 'gov_affected_pop_centres': None, 'other_affected_pop_centres': None, 'epi_cases': 10770, 'epi_suspected_cases': None, 'epi_probable_cases': None, 'epi_confirmed_cases': None, 'epi_figures_source': 0, 'epi_figures_source_display': 'Ministry of health', 'epi_cases_since_last_fr': None, 'epi_deaths_since_last_fr': None, 'epi_notes_since_last_fr': '', 'visibility': 3, 'visibility_display': 'Public', 'request_assistance': True, 'ns_request_assistance': True, 'notes_health': '', 'notes_ns': '', 'notes_socioeco': '', 'recent_affected': 0, 'description': '', 'summary': 'South Sudan-East Africa COVID 19 2021', 'translation_module_original_language': 'en'}, {'status': 9, 'contacts': [{'ctype': 'Originator', 'name': 'Alias Rasasi Conficius', 'title': 'PMER Coordinator', 'email': 'alias.rasasi@ssdredcross.org', 'phone': '+211926144666', 'id': 39160}, {'ctype': 'NationalSociety', 'name': 'John Lobor', 'title': 'Secretary General', 'email': 'john.lobor@ssdredcross.org', 'phone': '+211912666836', 'id': 39161}, {'ctype': 'Federation', 'name': 'Papa Moussa Tall', 'title': 'Head of Country Offfice', 'email': 'papamoussa.tall@ifrc.org', 'phone': '+211 912 179 511', 'id': 39162}, {'ctype': 'Media', 'name': 'Marial Mayom', 'title': 'Communication Manager', 'email': 'johnm.mayom@ssdredcross.org', 'phone': '+211912-184-996', 'id': 39163}], 'countries': [{'iso': 'SS', 'iso3': 'SSD', 'id': 290, 'record_type': 1, 'record_type_display': 'Country', 'region': 0, 'independent': True, 'is_deprecated': False, 'fdrs': 'DSS001', 'average_household_size': None, 'society_name': 'South Sudan Red Cross', 'name': 'South Sudan', 'translation_module_original_language': 'en'}], 'created_at': '2021-02-10T09:05:45.686013Z', 'updated_at': '2021-02-10T11:03:08.952065Z', 'report_date': '2021-02-10T09:05:45.685250Z', 'id': 13946, 'is_covid_report': True, 'num_injured': None, 'num_dead': None, 'num_missing': None, 'num_affected': None, 'num_displaced': None, 'epi_num_dead': 69, 'num_assisted': 11, 'num_localstaff': 224, 'num_volunteers': 2362, 'num_expats_delegates': None, 'gov_num_injured': None, 'gov_num_dead': None, 'gov_num_missing': None, 'gov_num_affected': None, 'gov_num_displaced': None, 'gov_num_assisted': 0, 'other_num_injured': None, 'other_num_dead': None, 'other_num_missing': None, 'other_num_affected': None, 'other_num_displaced': None, 'other_num_assisted': None, 'num_potentially_affected': None, 'gov_num_potentially_affected': None, 'other_num_potentially_affected': None, 'num_highest_risk': None, 'gov_num_highest_risk': None, 'other_num_highest_risk': None, 'affected_pop_centres': None, 'gov_affected_pop_centres': None, 'other_affected_pop_centres': None, 'epi_cases': 4804, 'epi_suspected_cases': None, 'epi_probable_cases': None, 'epi_confirmed_cases': None, 'epi_figures_source': 0, 'epi_figures_source_display': 'Ministry of health', 'epi_cases_since_last_fr': None, 'epi_deaths_since_last_fr': None, 'epi_notes_since_last_fr': None, 'visibility': 3, 'visibility_display': 'Public', 'request_assistance': True, 'ns_request_assistance': True, 'notes_health': None, 'notes_ns': None, 'notes_socioeco': None, 'recent_affected': 0, 'description': 'South Sudan has experienced an alarming increase in COVID 19 cases with 4804 total cases (10/02/2021); 1026 active cases, 8 severe cases, 69 deaths, an increase of more than 20% has been registered in the Country from January 2021 up to date. A partial lock down was enforced from 3rd February to 3 March for a period of 30 days. The country lacks basic health services and trained human resources in public health care centers. Even if there is a small surge in the number of cases, the country will not be able to keep them in isolation in large scale with the existing capacity for critical care. Most of the population do not have access to basic telecommunication and other means to receive information such as telephone, internet and television. This made many people to be not fully aware of the current pandemic situation around the world and its effect. This lack of knowledge is compounded but a lack of access to clean water and hygiene, while also living proximity in joint and compact settlements.', 'summary': 'South Sudan COVID 19 update-10/02/2021', 'translation_module_original_language': 'en'}, {'status': 9, 'contacts': [{'ctype': 'Originator', 'name': 'Alias Rasasi Conficius', 'title': 'PMER Coordinator', 'email': 'alias.rasasi@ssdredcross.org', 'phone': '+211926144666', 'id': 38131}, {'ctype': 'NationalSociety', 'name': 'John Lobor', 'title': 'Secretary General', 'email': 'John.lobor@ssdredcross.org ', 'phone': '+211912666836', 'id': 38132}, {'ctype': 'Federation', 'name': 'Pape  Moussa Tall', 'title': 'Head of Country Offfice', 'email': 'papemoussa.tall@ifrc.org', 'phone': '+211 912 179 511', 'id': 38133}, {'ctype': 'Media', 'name': 'Marial Mayom', 'title': 'Communication Manager', 'email': 'johnm.mayom@ssdredcross.org', 'phone': '+211 921 115 955', 'id': 38134}], 'countries': [{'iso': 'SS', 'iso3': 'SSD', 'id': 290, 'record_type': 1, 'record_type_display': 'Country', 'region': 0, 'independent': True, 'is_deprecated': False, 'fdrs': 'DSS001', 'average_household_size': None, 'society_name': 'South Sudan Red Cross', 'name': 'South Sudan', 'translation_module_original_language': 'en'}], 'created_at': '2020-11-25T08:50:41.289181Z', 'updated_at': '2020-11-25T08:52:38.580302Z', 'report_date': '2020-11-25T08:50:41.288414Z', 'id': 13705, 'is_covid_report': True, 'num_injured': None, 'num_dead': None, 'num_missing': None, 'num_affected': None, 'num_displaced': None, 'epi_num_dead': 61, 'num_assisted': 10, 'num_localstaff': 224, 'num_volunteers': 2362, 'num_expats_delegates': None, 'gov_num_injured': None, 'gov_num_dead': None, 'gov_num_missing': None, 'gov_num_affected': None, 'gov_num_displaced': None, 'gov_num_assisted': 0, 'other_num_injured': None, 'other_num_dead': None, 'other_num_missing': None, 'other_num_affected': None, 'other_num_displaced': None, 'other_num_assisted': None, 'num_potentially_affected': None, 'gov_num_potentially_affected': None, 'other_num_potentially_affected': None, 'num_highest_risk': None, 'gov_num_highest_risk': None, 'other_num_highest_risk': None, 'affected_pop_centres': None, 'gov_affected_pop_centres': None, 'other_affected_pop_centres': None, 'epi_cases': 3073, 'epi_suspected_cases': None, 'epi_probable_cases': None, 'epi_confirmed_cases': None, 'epi_figures_source': 0, 'epi_figures_source_display': 'Ministry of health', 'epi_cases_since_last_fr': None, 'epi_deaths_since_last_fr': None, 'epi_notes_since_last_fr': None, 'visibility': 3, 'visibility_display': 'Public', 'request_assistance': True, 'ns_request_assistance': True, 'notes_health': None, 'notes_ns': None, 'notes_socioeco': None, 'recent_affected': 0, 'description': 'The economic effects of the pandemic lead to increased levels of criminality and raiding across the country. The national economy is further squeezed by the COVID-19 induced global economic decline, which impacts oil prices, remittances, and aid flows. The cost of imported goods rise, causing inflation, exacerbating the economic crisis which further fuels conflict in the country.\nThe primary and secondary impacts of COVID-19 leave health centers without staff, medicine, or supplies. The health system no longer functions. Overwhelming stress on the already insufficient health system significantly reduces the population’s health status. Many health facilities are unable to remain open because of sickness of staff and lack of PPE, and there are no locally available treatment options. COVID-19 containment measures and/or fear of COVID-19 deters people from seeking healthcare. A rapid rise in cases of endemic diseases, COVID-19 and Schools remain closed.\nThe focus on COVID-19 results in less attention on other illnesses, negatively affecting the availability of routine essential health services. Health programmes are suspended or reduced, including the Ebola control programme, leading to increase of number of preventable communicable diseases such as malaria and measles in some parts of the country and increasing morbidity and mortality. \nTherefore, health needs increase as health service provision decreases because essential health services are disrupted as clinics are unable to open and supplies of basic medical items are interrupted. Conflict-related injuries and trauma, both physical and mental, increase demand for health services, including for survivors of violence and GBV. Malnutrition and food insecurity lead to increased caseloads of endemic diseases (malaria, measles) and potentially increasing the risk of severe complications of COVID-19, which the health system cannot manage. The risk of a re-emergence of Polio increases as immunization programmes stall. Response to health emergencies due to displacement or disease outbreak is severely delayed or not possible which contributed to increase in morbidity and mortality.\nFrom March up to 30th August, South Sudan Red Cross (SSRC) was complementing effort in responding to COVID-19 affected areas in the country using SSRC trained volunteers in all branch locations to tackle to challenge of COVID-19. As of 24th Nov 2020, the cumulative confirmed cases of COVID-19 in South Sudan is 3073 and 61deaths with 2938 cumulative recovered.', 'summary': 'South Sudan-COVID 19 Nov 2020', 'translation_module_original_language': 'en'}, {'status': 9, 'contacts': [{'ctype': 'Originator', 'name': 'ZAABI DOMINIC', 'title': 'Head of National Society Development', 'email': 'zaabi.dominic@ssdredcross.org', 'phone': '+211921317849', 'id': 32082}, {'ctype': 'NationalSociety', 'name': 'John Lobor', 'title': 'Secretary General', 'email': 'john.lobor@ssdredcross.org', 'phone': '+211912666836', 'id': 32083}, {'ctype': 'Federation', 'name': 'Papemoussa Tall', 'title': 'IFRC Country Representative ', 'email': 'papemoussa.tall@ifrc.org', 'phone': '+211912179511', 'id': 32084}, {'ctype': 'Media', 'name': 'Marial Mayom', 'title': 'Communication Manager', 'email': 'johnm.mayom@ssdredcross.org', 'phone': '+211921115955', 'id': 32085}], 'countries': [{'iso': 'SS', 'iso3': 'SSD', 'id': 290, 'record_type': 1, 'record_type_display': 'Country', 'region': 0, 'independent': True, 'is_deprecated': False, 'fdrs': 'DSS001', 'average_household_size': None, 'society_name': 'South Sudan Red Cross', 'name': 'South Sudan', 'translation_module_original_language': 'en'}], 'created_at': '2020-05-20T06:11:28.464612Z', 'updated_at': '2020-05-20T06:17:01.686371Z', 'report_date': '2020-05-20T06:11:28.463711Z', 'id': 12538, 'is_covid_report': True, 'num_injured': None, 'num_dead': None, 'num_missing': None, 'num_affected': None, 'num_displaced': None, 'epi_num_dead': 6, 'num_assisted': 10, 'num_localstaff': 224, 'num_volunteers': 1700, 'num_expats_delegates': None, 'gov_num_injured': None, 'gov_num_dead': None, 'gov_num_missing': None, 'gov_num_affected': None, 'gov_num_displaced': None, 'gov_num_assisted': 1, 'other_num_injured': None, 'other_num_dead': None, 'other_num_missing': None, 'other_num_affected': None, 'other_num_displaced': None, 'other_num_assisted': None, 'num_potentially_affected': None, 'gov_num_potentially_affected': None, 'other_num_potentially_affected': None, 'num_highest_risk': None, 'gov_num_highest_risk': None, 'other_num_highest_risk': None, 'affected_pop_centres': None, 'gov_affected_pop_centres': None, 'other_affected_pop_centres': None, 'epi_cases': 347, 'epi_suspected_cases': None, 'epi_probable_cases': None, 'epi_confirmed_cases': None, 'epi_figures_source': 0, 'epi_figures_source_display': 'Ministry of health', 'epi_cases_since_last_fr': None, 'epi_deaths_since_last_fr': None, 'epi_notes_since_last_fr': None, 'visibility': 3, 'visibility_display': 'Public', 'request_assistance': True, 'ns_request_assistance': True, 'notes_health': None, 'notes_ns': None, 'notes_socioeco': None, 'recent_affected': 0, 'description': 'The situation is alarming. most of the cases are now community transmission. the Government had previously announced a partial lock down but it was lifted. However the Government keeps on emphasizing on the preventive measures like social distancing among others. The cases are mostly in the Capital city Juba and also now in three of the other  towns and also at the boarder with Uganda. Covid 19 cases may increase drastically in a few months to come since the community adherence to the measures is very low', 'summary': 'South Sudan', 'translation_module_original_language': 'en'}]",2021-08-31T05:46:30.300595Z,4274,,,Additional Information,,,,0,South Sudan: COVID-19,,en
"{'id': 1, 'name': 'Epidemic', 'summary': '', 'translation_module_original_language': 'en'}","[{'iso': 'SS', 'iso3': 'SSD', 'id': 290, 'record_type': 1, 'record_type_display': 'Country', 'region': 0, 'independent': True, 'is_deprecated': False, 'fdrs': 'DSS001', 'average_household_size': None, 'society_name': 'South Sudan Red Cross', 'name': 'South Sudan', 'translation_module_original_language': 'en'}]",,0,Yellow,,,2020-03-22T00:00:00Z,2022-02-11T06:15:52.387496Z,True,[],False,False,"[{'status': 9, 'contacts': [], 'countries': [{'iso': 'SS', 'iso3': 'SSD', 'id': 290, 'record_type': 1, 'record_type_display': 'Country', 'region': 0, 'independent': True, 'is_deprecated': False, 'fdrs': 'DSS001', 'average_household_size': None, 'society_name': 'South Sudan Red Cross', 'name': 'South Sudan', 'translation_module_original_language': 'en'}], 'created_at': '2022-02-11T06:15:52.112019Z', 'updated_at': '2022-02-11T06:15:52.416117Z', 'report_date': '2022-02-11T06:15:52.111077Z', 'id': 15284, 'is_covid_report': True, 'num_injured': None, 'num_dead': None, 'num_missing': None, 'num_affected': None, 'num_displaced': None, 'epi_num_dead': 137, 'num_assisted': 3808755, 'num_localstaff': 240, 'num_volunteers': 2362, 'num_expats_delegates': None, 'gov_num_injured': None, 'gov_num_dead': None, 'gov_num_missing': None, 'gov_num_affected': None, 'gov_num_displaced': None, 'gov_num_assisted': 0, 'other_num_injured': None, 'other_num_dead': None, 'other_num_missing': None, 'other_num_affected': None, 'other_num_displaced': None, 'other_num_assisted': None, 'num_potentially_affected': None, 'gov_num_potentially_affected': None, 'other_num_potentially_affected': None, 'num_highest_risk': None, 'gov_num_highest_risk': None, 'other_num_highest_risk': None, 'affected_pop_centres': None, 'gov_affected_pop_centres': None, 'other_affected_pop_centres': None, 'epi_cases': 16802, 'epi_suspected_cases': None, 'epi_probable_cases': None, 'epi_confirmed_cases': None, 'epi_figures_source': 0, 'epi_figures_source_display': 'Ministry of health', 'epi_cases_since_last_fr': None, 'epi_deaths_since_last_fr': None, 'epi_notes_since_last_fr': None, 'visibility': 3, 'visibility_display': 'Public', 'request_assistance': True, 'ns_request_assistance': True, 'notes_health': None, 'notes_ns': None, 'notes_socioeco': None, 'recent_affected': 0, 'description': '', 'summary': 'South Sudan-COVID 19', 'translation_module_original_language': 'en'}]",2022-02-11T06:15:52.387509Z,5829,,,Additional Information,,,,0,South Sudan-COVID 19,,en
"{'id': 12, 'name': 'Flood', 'summary': '', 'translation_module_original_language': 'en'}","[{'iso': 'SS', 'iso3': 'SSD', 'id': 290, 'record_type': 1, 'record_type_display': 'Country', 'region': 0, 'independent': True, 'is_deprecated': False, 'fdrs': 'DSS001', 'average_household_size': None, 'society_name': 'South Sudan Red Cross', 'name': 'South Sudan', 'translation_module_original_language': 'en'}]",,0,Yellow,,,2019-10-18T00:00:00Z,2019-10-25T13:34:29.235969Z,True,"[{'aid': '15268', 'num_beneficiaries': 117730, 'amount_requested': 2726000.0, 'code': 'MDRSS009', 'amount_funded': 1158834.1, 'status': 1, 'status_display': 'Closed', 'start_date': '2019-11-25T00:00:00Z', 'end_date': '2021-07-31T00:00:00Z', 'sector': 'Country cluster for South Sudan, Tanzania and Uganda', 'atype': 1, 'atype_display': 'Emergency Appeal', 'id': 3245, 'translation_module_original_language': 'en'}]",False,False,"[{'status': 9, 'contacts': [{'ctype': 'Originator', 'name': 'Taban Sabir', 'title': '', 'email': 'taban.sabir@ssdredcross.org', 'phone': '', 'id': 29248}, {'ctype': 'NationalSociety', 'name': 'John Lobor', 'title': '', 'email': 'john.lobor@ssdredcross.org', 'phone': '', 'id': 29249}, {'ctype': 'Federation', 'name': 'Philip Hayes', 'title': '', 'email': 'philip.hayes@ifrc.org', 'phone': '', 'id': 29250}], 'countries': [{'iso': 'SS', 'iso3': 'SSD', 'id': 290, 'record_type': 1, 'record_type_display': 'Country', 'region': 0, 'independent': True, 'is_deprecated': False, 'fdrs': 'DSS001', 'average_household_size': None, 'society_name': 'South Sudan Red Cross', 'name': 'South Sudan', 'translation_module_original_language': 'en'}], 'created_at': '2019-10-25T13:34:29.130201Z', 'updated_at': '2019-10-25T13:45:53.011432Z', 'report_date': '2019-10-25T13:34:29.129558Z', 'id': 11999, 'is_covid_report': False, 'num_injured': None, 'num_dead': None, 'num_missing': None, 'num_affected': None, 'num_displaced': None, 'epi_num_dead': None, 'num_assisted': None, 'num_localstaff': None, 'num_volunteers': None, 'num_expats_delegates': None, 'gov_num_injured': None, 'gov_num_dead': None, 'gov_num_missing': None, 'gov_num_affected': None, 'gov_num_displaced': None, 'gov_num_assisted': None, 'other_num_injured': None, 'other_num_dead': None, 'other_num_missing': None, 'other_num_affected': None, 'other_num_displaced': 800000, 'other_num_assisted': None, 'num_potentially_affected': None, 'gov_num_potentially_affected': None, 'other_num_potentially_affected': None, 'num_highest_risk': None, 'gov_num_highest_risk': None, 'other_num_highest_risk': None, 'affected_pop_centres': None, 'gov_affected_pop_centres': None, 'other_affected_pop_centres': None, 'epi_cases': None, 'epi_suspected_cases': None, 'epi_probable_cases': None, 'epi_confirmed_cases': None, 'epi_figures_source': None, 'epi_figures_source_display': None, 'epi_cases_since_last_fr': None, 'epi_deaths_since_last_fr': None, 'epi_notes_since_last_fr': None, 'visibility': 1, 'visibility_display': 'RCRC Movement', 'request_assistance': False, 'ns_request_assistance': False, 'notes_health': None, 'notes_ns': None, 'notes_socioeco': None, 'recent_affected': 0, 'description': 'South Sudan always experiences seasonal flooding during the rainy season, with the frequency and intensity differing from location to location. However, the above normal rains in 2019 have had the deepest impact to the populations mostly along the river basins and in the low-lying areas. The month of August received near normal to above normal rainfall for South Sudan. However, the impact this year for the affected areas could be worsened by the above-normal rainfall received in October, thereby having an effect on the already submerged crops and houses.  Instead of the water draining, more water has been added to the already saturated rivers and soils. The above-normal rains in October increase flooding which impacts on production, transportation, humanitarian access in several areas, and in particular lead to flooding incidences in parts of UNS, Jonglei, and Unity. The thousands of people displaced with their livestock face threats of snakes that have compounded the whole situation.\n\nOn the 18th October 2019, there were unprecedented heavy flooding in Maban County which affected nearly 5000 family residents (About 200,000 people) and 150,000 refugees from Sudan. Maban is situated in the former Upper Nile State. Additionally, on 24th October 2019 Torit County experienced a week of heavy rains which destroyed over 2,000 households in Torit state town, a local official commissioner for Torit County; Fermo Peter Isarra said the situation has left many of the people with nowhere to go stranded. With all the later, normal routine such as; education, farms have been impaired leaving a large gap to cover for norm to return. It is for this reason that the government of South Sudan through the ministries of Health and Disaster and rehabilitation, have called upon concerned partners to support in various sectors. These sectors include; WASH shelters, NFI’s and medical intervention due to rise in malaria cases, and possibility of cholera outbreak.\nInaccessibility is the main constrain,roads have become impassable and airstrips flooded that has handicapped almost the entire humanitarian community in the Country. The National Society is coordinating preparedness to respond with Movement Partners in the Country.', 'summary': 'South Sudan, Greater Upper Nile region,Floods,18th-24th Oct 2019', 'translation_module_original_language': 'en'}]",2019-10-25T13:34:29.235988Z,3835,,,Additional Information,,,,0,"South Sudan, Greater Upper Nile region,Floods,18th-24th Oct 2019",,en
"{'id': 12, 'name': 'Flood', 'summary': '', 'translation_module_original_language': 'en'}","[{'iso': 'SS', 'iso3': 'SSD', 'id': 290, 'record_type': 1, 'record_type_display': 'Country', 'region': 0, 'independent': True, 'is_deprecated': False, 'fdrs': 'DSS001', 'average_household_size': None, 'society_name': 'South Sudan Red Cross', 'name': 'South Sudan', 'translation_module_original_language': 'en'}]",,0,Yellow,,,2019-06-13T12:35:25.482898Z,2019-06-13T12:35:25.615204Z,True,"[{'aid': '15113', 'num_beneficiaries': 34560, 'amount_requested': 135906.0, 'code': 'MDRSS008', 'amount_funded': 135906.0, 'status': 1, 'status_display': 'Closed', 'start_date': '2019-06-22T00:00:00Z', 'end_date': '2019-11-22T00:00:00Z', 'sector': 'Country cluster for South Sudan, Tanzania and Uganda', 'atype': 0, 'atype_display': 'DREF', 'id': 3187, 'translation_module_original_language': 'en'}]",False,False,"[{'status': 9, 'contacts': [{'ctype': 'Originator', 'name': 'Mbira Alex', 'title': '', 'email': '+211 (0) 917122960, email: mbira.alex@ssdredcross.org', 'phone': '', 'id': 28549}, {'ctype': 'Primary', 'name': 'Veronica Kenyi', 'title': '', 'email': '+211 (0) 912814493, email: veronica.kenyi@ssdredcross.org', 'phone': '', 'id': 28550}, {'ctype': 'NationalSociety', 'name': 'John Lobor', 'title': '', 'email': '+211(0)912-666-836, email: john.lobor@ssdredcross.org', 'phone': '', 'id': 28551}, {'ctype': 'Federation', 'name': 'Philip Hayes', 'title': '', 'email': '+211 (0) 916908282; email: Philip.HAYES@ifrc.org', 'phone': '', 'id': 28552}, {'ctype': 'MediaNationalSociety', 'name': 'John Marial', 'title': '', 'email': ""+211(0) '0921-115-955, email: johnm.mayom@ssdredcross.org "", 'phone': '', 'id': 28553}], 'countries': [{'iso': 'SS', 'iso3': 'SSD', 'id': 290, 'record_type': 1, 'record_type_display': 'Country', 'region': 0, 'independent': True, 'is_deprecated': False, 'fdrs': 'DSS001', 'average_household_size': None, 'society_name': 'South Sudan Red Cross', 'name': 'South Sudan', 'translation_module_original_language': 'en'}], 'created_at': '2019-06-13T12:35:25.482898Z', 'updated_at': '2019-06-13T12:36:58.477030Z', 'report_date': '2019-06-13T12:35:25.482474Z', 'id': 11838, 'is_covid_report': False, 'num_injured': None, 'num_dead': None, 'num_missing': None, 'num_affected': 46680, 'num_displaced': 46680, 'epi_num_dead': None, 'num_assisted': 13980, 'num_localstaff': 7, 'num_volunteers': 60, 'num_expats_delegates': 0, 'gov_num_injured': None, 'gov_num_dead': 3, 'gov_num_missing': None, 'gov_num_affected': None, 'gov_num_displaced': None, 'gov_num_assisted': 0, 'other_num_injured': None, 'other_num_dead': None, 'other_num_missing': None, 'other_num_affected': None, 'other_num_displaced': None, 'other_num_assisted': None, 'num_potentially_affected': None, 'gov_num_potentially_affected': None, 'other_num_potentially_affected': None, 'num_highest_risk': None, 'gov_num_highest_risk': None, 'other_num_highest_risk': None, 'affected_pop_centres': None, 'gov_affected_pop_centres': None, 'other_affected_pop_centres': None, 'epi_cases': None, 'epi_suspected_cases': None, 'epi_probable_cases': None, 'epi_confirmed_cases': None, 'epi_figures_source': None, 'epi_figures_source_display': None, 'epi_cases_since_last_fr': None, 'epi_deaths_since_last_fr': None, 'epi_notes_since_last_fr': None, 'visibility': 1, 'visibility_display': 'RCRC Movement', 'request_assistance': False, 'ns_request_assistance': False, 'notes_health': None, 'notes_ns': None, 'notes_socioeco': None, 'recent_affected': 1, 'description': 'On 5th June 2019, the three counties (Aweil, Nyamlel and Gokmachar) of the former Northern Bahr el Gazal state in South Sudan was hit by flooding, following heavy rains which resulted to substantial displacement and destroyed livelihoods of thousands of households according to the results of Initial Rapid Needs Assessment carried by South Sudan Red Cross in collaboration with Relief and Rehabilitation Commission, an authority within the state Government mandated to coordinate  humanitarian affairs at state level. Though a Detailed Needs Assessment is being carried by SSRC in coordination with the state authorities and other humanitarian partners to assess the level of damages caused by this flooding, it is estimated that more 7, 780 households remain displaced and living in a dire situation with limited access to shelter, clean water and basic sanitary facilities. The floods had also reportedly claimed three lives, with likely outbreak of water-borne diseases that would further claim lives. The most affected categories are women, children, elderly and people living with disabilities who are sheltering in old school buildings, with limited access to essential services.', 'summary': 'Some 7,780 HHs displaced as flood hits the former Northern Bahr el Gazal state in South Sudan', 'translation_module_original_language': 'en'}]",2019-06-13T12:35:25.615221Z,3611,,,Additional Information,,,,0,"Some 7,780 HHs displaced as flood hits the former Northern Bahr el Gazal state in South Sudan",,en
"{'id': 6, 'name': 'Complex Emergency', 'summary': '', 'translation_module_original_language': 'en'}","[{'iso': 'SS', 'iso3': 'SSD', 'id': 290, 'record_type': 1, 'record_type_display': 'Country', 'region': 0, 'independent': True, 'is_deprecated': False, 'fdrs': 'DSS001', 'average_household_size': None, 'society_name': 'South Sudan Red Cross', 'name': 'South Sudan', 'translation_module_original_language': 'en'}]",,0,Yellow,,,2017-07-08T00:00:00Z,2018-02-22T05:44:02.520218Z,True,"[{'aid': '14230', 'num_beneficiaries': 105000, 'amount_requested': 4700037.0, 'code': 'MDRSS006', 'amount_funded': 3528456.8956, 'status': 1, 'status_display': 'Closed', 'start_date': '2017-07-08T00:00:00Z', 'end_date': '2018-12-31T00:00:00Z', 'sector': 'Country cluster for South Sudan, Tanzania and Uganda', 'atype': 2, 'atype_display': 'International Appeal', 'id': 3040, 'translation_module_original_language': 'en'}]",False,False,[],2018-09-20T11:46:41.163574Z,5,,,Additional Information,,,,0,South Sudan: Complex Emergency,,en
"{'id': 1, 'name': 'Epidemic', 'summary': '', 'translation_module_original_language': 'en'}","[{'iso': 'SS', 'iso3': 'SSD', 'id': 290, 'record_type': 1, 'record_type_display': 'Country', 'region': 0, 'independent': True, 'is_deprecated': False, 'fdrs': 'DSS001', 'average_household_size': None, 'society_name': 'South Sudan Red Cross', 'name': 'South Sudan', 'translation_module_original_language': 'en'}]",,0,Yellow,,,2016-07-29T00:00:00Z,2018-02-22T05:44:12.964503Z,True,"[{'aid': '12788', 'num_beneficiaries': 26984, 'amount_requested': 76839.0, 'code': 'MDRSS005', 'amount_funded': 76839.0, 'status': 1, 'status_display': 'Closed', 'start_date': '2016-07-29T00:00:00Z', 'end_date': '2016-12-27T00:00:00Z', 'sector': 'Country cluster for South Sudan, Tanzania and Uganda', 'atype': 0, 'atype_display': 'DREF', 'id': 2433, 'translation_module_original_language': 'en'}]",False,False,[],2018-08-03T14:28:35.282377Z,203,,,Additional Information,,,,0,South Sudan - Cholera,,en
"{'id': 1, 'name': 'Epidemic', 'summary': '', 'translation_module_original_language': 'en'}","[{'iso': 'SS', 'iso3': 'SSD', 'id': 290, 'record_type': 1, 'record_type_display': 'Country', 'region': 0, 'independent': True, 'is_deprecated': False, 'fdrs': 'DSS001', 'average_household_size': None, 'society_name': 'South Sudan Red Cross', 'name': 'South Sudan', 'translation_module_original_language': 'en'}]",,0,Yellow,,,2015-07-06T00:00:00Z,2018-02-22T05:44:18.752880Z,True,"[{'aid': '9286', 'num_beneficiaries': 60000, 'amount_requested': 225368.0, 'code': 'MDRSS004', 'amount_funded': 225368.0, 'status': 1, 'status_display': 'Closed', 'start_date': '2015-07-06T00:00:00Z', 'end_date': '2015-10-20T00:00:00Z', 'sector': 'Country cluster for South Sudan, Tanzania and Uganda', 'atype': 0, 'atype_display': 'DREF', 'id': 2399, 'translation_module_original_language': 'en'}]",False,False,[],2018-08-03T14:28:35.282377Z,304,,,Additional Information,,,,0,South Sudan - Cholera,,en
"{'id': 7, 'name': 'Civil Unrest', 'summary': '', 'translation_module_original_language': 'en'}","[{'iso': 'SS', 'iso3': 'SSD', 'id': 290, 'record_type': 1, 'record_type_display': 'Country', 'region': 0, 'independent': True, 'is_deprecated': False, 'fdrs': 'DSS001', 'average_household_size': None, 'society_name': 'South Sudan Red Cross', 'name': 'South Sudan', 'translation_module_original_language': 'en'}]",,0,Yellow,,,2014-01-09T00:00:00Z,2018-02-22T05:44:20.014558Z,True,"[{'aid': '8561', 'num_beneficiaries': 450000, 'amount_requested': 4762989.0, 'code': 'MDRSS003', 'amount_funded': 2322399.8103, 'status': 1, 'status_display': 'Closed', 'start_date': '2014-01-09T00:00:00Z', 'end_date': '2015-07-31T00:00:00Z', 'sector': 'Country cluster for South Sudan, Tanzania and Uganda', 'atype': 1, 'atype_display': 'Emergency Appeal', 'id': 2395, 'translation_module_original_language': 'en'}]",False,False,[],2018-08-03T14:28:35.282377Z,329,,,Additional Information,,,,0,Republic of South Sudan - Complex Emergency,,en
"{'id': 1, 'name': 'Epidemic', 'summary': '', 'translation_module_original_language': 'en'}","[{'iso': 'SS', 'iso3': 'SSD', 'id': 290, 'record_type': 1, 'record_type_display': 'Country', 'region': 0, 'independent': True, 'is_deprecated': False, 'fdrs': 'DSS001', 'average_household_size': None, 'society_name': 'South Sudan Red Cross', 'name': 'South Sudan', 'translation_module_original_language': 'en'}]",,0,Yellow,,,2013-10-25T00:00:00Z,2018-02-22T05:44:27.290662Z,True,"[{'aid': '8490', 'num_beneficiaries': 525749, 'amount_requested': 168065.0, 'code': 'MDRSS002', 'amount_funded': 168065.0, 'status': 1, 'status_display': 'Closed', 'start_date': '2013-10-25T00:00:00Z', 'end_date': '2014-01-31T00:00:00Z', 'sector': 'Country cluster for South Sudan, Tanzania and Uganda', 'atype': 0, 'atype_display': 'DREF', 'id': 2232, 'translation_module_original_language': 'en'}]",False,False,[],2018-08-03T14:28:35.282377Z,471,,,Additional Information,,,,0,Republic of South Sudan - Polio Outbreak,,en
"{'id': 5, 'name': 'Population Movement', 'summary': '', 'translation_module_original_language': 'en'}","[{'iso': 'SS', 'iso3': 'SSD', 'id': 290, 'record_type': 1, 'record_type_display': 'Country', 'region': 0, 'independent': True, 'is_deprecated': False, 'fdrs': 'DSS001', 'average_household_size': None, 'society_name': 'South Sudan Red Cross', 'name': 'South Sudan', 'translation_module_original_language': 'en'}]",,0,Yellow,,,2012-05-11T00:00:00Z,2018-02-22T05:44:31.649303Z,True,"[{'aid': '7919', 'num_beneficiaries': 70000, 'amount_requested': 4131067.0, 'code': 'MDRSS001', 'amount_funded': 2179344.0500000003, 'status': 1, 'status_display': 'Closed', 'start_date': '2012-05-11T00:00:00Z', 'end_date': '2013-04-30T00:00:00Z', 'sector': 'Country cluster for South Sudan, Tanzania and Uganda', 'atype': 1, 'atype_display': 'Emergency Appeal', 'id': 2544, 'translation_module_original_language': 'en'}]",False,False,[],2018-08-03T14:28:35.282377Z,551,,,Additional Information,,,,0,Republic of South Sudan - Population Movement,,en
